,date,irad_amt,av_temp,prcp_amt,PET,amount,remaining
11643,2013-06-02,232.84299,14.494664,0.14591475,29.536672662710565,1.0,-29.390757912710566
11644,2013-06-02,232.84299,14.494664,0.14591475,29.536672662710565,1.0,-29.390757912710566
11645,2013-06-02,232.84299,14.494664,0.14591475,29.536672662710565,1.0,-29.390757912710566
11646,2013-06-02,232.84299,14.494664,0.14591475,29.536672662710565,1.0,-29.390757912710566
11647,2013-06-02,232.84299,14.494664,0.14591475,29.536672662710565,1.0,-29.390757912710566
13086,2017-06-08,184.69821,9.237291,4.141358,17.110893824499676,5.0,-12.969535824499676
13099,2017-06-21,271.0138,12.2639265,2.16e-05,30.444835526325484,1.0,-30.444813926325484
13103,2017-06-25,129.93161,11.036248,0.255343,13.558143681671526,2.0,-13.302800681671526
13106,2017-06-28,197.28001,11.125451,0.039297577,20.700345747882025,1.0,-20.661048170882026
13110,2017-07-02,244.48952,13.439412,0.34016207,29.335261510686102,1.0,-28.9950994406861
13114,2017-07-06,154.48592,11.475541,5.8108177,16.561941104130142,1.0,-10.75112340413014
13117,2017-07-09,207.06627,12.918646,1.6296325,24.14333153741815,1.0,-22.51369903741815
13118,2017-07-10,186.66962,12.287133,0.5640261,20.998064471625845,1.0,-20.434038371625846
13121,2017-07-13,213.7315,12.728163,1.3697728,24.655562664201593,1.0,-23.285789864201593
13122,2017-07-14,223.89365,12.445037,0.034088805,25.41536314624577,1.0,-25.38127434124577
13123,2017-07-14,223.89365,12.445037,0.034088805,25.41536314624577,1.0,-25.38127434124577
13125,2017-07-16,86.800865,13.299706,5.6005177,10.335959851937078,2.0,-4.735442151937078
13126,2017-07-16,86.800865,13.299706,5.6005177,10.335959851937078,2.0,-4.735442151937078
13141,2017-08-01,215.51569,18.051237,1.8843702,32.326283494329324,4.0,-30.441913294329325
13144,2017-08-04,190.88452,16.551773,3.407987,26.769259788222026,3.0,-23.361272788222028
13145,2017-08-05,92.17264,16.169842,7.679224,12.697034262902653,3.0,-5.017810262902653
13150,2017-08-10,152.68434,15.625492,3.807616,20.49186382870432,1.0,-16.684247828704322
13151,2017-08-10,152.68434,15.625492,3.807616,20.49186382870432,2.0,-16.684247828704322
13152,2017-08-11,98.214935,13.523377,4.2869315,11.838054841459494,2.0,-7.551123341459494
13153,2017-08-12,172.2236,13.752626,0.062374245,21.015387553185843,2.0,-20.95301330818584
13154,2017-08-13,149.84604,12.954283,0.19525327,17.506365230279282,1.0,-17.311111960279284
13155,2017-08-13,149.84604,12.954283,0.19525327,17.506365230279282,2.0,-17.311111960279284
13157,2017-08-15,144.26459,13.581454,2.6676197,17.443036458315074,4.0,-14.775416758315075
13158,2017-08-15,144.26459,13.581454,2.6676197,17.443036458315074,3.0,-14.775416758315075
13160,2017-08-17,177.189,14.53788,1.4894449,22.526662020562213,4.0,-21.037217120562214
13161,2017-08-17,177.189,14.53788,1.4894449,22.526662020562213,4.0,-21.037217120562214
13164,2017-08-20,160.2279,15.5762825,5.971123,21.452983698475727,4.0,-15.481860698475726
13170,2017-08-26,124.06851,13.017396,6.3395977,14.545754007027329,3.0,-8.206156307027328
13171,2017-08-27,126.446236,13.471005,0.9093205,15.197742434846305,4.0,-14.288421934846305
13173,2017-08-29,73.76851,14.098951,5.7314763,9.167758705316308,4.0,-3.436282405316308
13174,2017-08-29,73.76851,14.098951,5.7314763,9.167758705316308,4.0,-3.436282405316308
13175,2017-08-30,154.60051,12.839176,0.01466307,17.94602881038366,2.0,-17.931365740383658
13176,2017-09-01,145.58293,10.840752,1.014684,15.006136709808436,4.0,-13.991452709808435
13180,2017-09-05,108.97734,14.090418,7.386515,13.53736968459214,4.0,-6.150854684592139
13192,2017-09-17,46.78078,12.041892,18.721266,5.18761712933212,1.0,13.53364887066788
13193,2017-09-17,46.78078,12.041892,18.721266,5.18761712933212,3.0,13.53364887066788
13194,2017-09-17,46.78078,12.041892,18.721266,5.18761712933212,3.0,13.53364887066788
13195,2017-09-18,32.75066,10.927437,6.3979845,3.394287310374935,4.0,3.003697189625065
13196,2017-09-18,32.75066,10.927437,6.3979845,3.394287310374935,1.0,3.003697189625065
13200,2017-09-22,36.96417,11.053884,9.349217,3.86139053446304,2.0,5.487826465536959
13201,2017-09-23,114.90856,10.477145,0.30860627,11.57246515396408,3.0,-11.26385888396408
13202,2017-09-23,114.90856,10.477145,0.30860627,11.57246515396408,4.0,-11.26385888396408
13203,2017-09-23,114.90856,10.477145,0.30860627,11.57246515396408,4.0,-11.26385888396408
13206,2017-09-26,35.332,11.34089,15.11427,3.7568735390421666,3.0,11.357396460957833
13217,2017-10-07,80.87995,7.7696447,0.030386003,6.720511614092693,4.0,-6.690125611092693
13220,2017-10-10,65.36312,7.93384,0.591263,5.501015981134826,4.0,-4.909752981134826
13223,2017-10-13,37.840553,12.171539,15.68356,4.228139846571232,3.0,11.455420153428769
13224,2017-10-14,62.464874,11.847424,0.04823494,6.847815053257262,4.0,-6.799580113257262
13245,2017-11-05,32.773636,9.078094,0.15096933,3.002279596107392,5.0,-2.851310266107392
13302,2018-01-02,18.267817,2.8546324,0.7567101,0.9336737850434073,3.0,-0.1769636850434072
13325,2018-01-25,14.682416,8.980861,2.2592149,1.3357158852171787,4.0,0.9234990147828213
13326,2018-01-25,14.682416,8.980861,2.2592149,1.3357158852171787,4.0,0.9234990147828213
13343,2018-02-12,32.954636,0.8083036,1.3078351,1.2455136056447789,5.0,0.06232149435522105
13348,2018-02-17,43.178585,4.6416454,6.6807146,2.708957609602804,4.0,3.971756990397196
13349,2018-02-17,43.178585,4.6416454,6.6807146,2.708957609602804,4.0,3.971756990397196
13350,2018-02-17,43.178585,4.6416454,6.6807146,2.708957609602804,4.0,3.971756990397196
13351,2018-02-18,22.26799,7.5621614,1.7404189,1.8202374052159427,5.0,-0.07981850521594258
13352,2018-02-18,22.26799,7.5621614,1.7404189,1.8202374052159427,5.0,-0.07981850521594258
13374,2018-03-12,46.28717,9.224348,19.310732,4.284258290051796,1.0,15.026473709948206
13375,2018-03-12,46.28717,9.224348,19.310732,4.284258290051796,3.0,15.026473709948206
13376,2018-03-12,46.28717,9.224348,19.310732,4.284258290051796,2.0,15.026473709948206
13377,2018-03-12,46.28717,9.224348,19.310732,4.284258290051796,5.0,15.026473709948206
13396,2018-04-01,86.91451,5.555177,2.441539,5.969534337052773,4.0,-3.5279953370527726
13397,2018-04-01,86.91451,5.555177,2.441539,5.969534337052773,3.0,-3.5279953370527726
13399,2018-04-03,96.78996,6.3925323,0.13420296,7.175187048514497,5.0,-7.040984088514497
13400,2018-04-04,37.627148,7.2885704,30.252825,3.0087445155467156,5.0,27.244080484453285
13401,2018-04-05,108.336716,9.594679,0.7602795,10.288518961049999,4.0,-9.52823946105
13402,2018-04-06,92.11452,10.468703,1.0733409,9.271812544687403,4.0,-8.198471644687404
13409,2018-04-13,130.82147,5.7421904,0.08933492,9.144385340629151,5.0,-9.05505042062915
13412,2018-04-16,173.61124,6.755885,0.06731377,13.280542504863353,4.0,-13.213228734863353
13413,2018-04-16,173.61124,6.755885,0.06731377,13.280542504863353,4.0,-13.213228734863353
13420,2018-04-23,174.42113,11.430717,0.040655363,18.648257586219483,3.0,-18.607602223219484
13421,2018-04-23,174.42113,11.430717,0.040655363,18.648257586219483,2.0,-18.607602223219484
13422,2018-04-24,100.58415,9.841767,1.8569193,9.713993481214537,4.0,-7.8570741812145375
13426,2018-04-28,88.40276,6.904437,8.508315,6.847898796500001,3.0,1.6604162034999987
13428,2018-04-30,129.6763,8.094934,3.5431032,11.049600402552057,2.0,-7.506497202552057
13429,2018-05-01,95.4219,6.4596395,9.044192,7.1154384071125065,2.0,1.9287535928874942
13445,2018-05-17,119.46824,6.5650983,2.9304287,8.990512358979645,2.0,-6.060083658979645
13446,2018-05-17,119.46824,6.5650983,2.9304287,8.990512358979645,2.0,-6.060083658979645
13447,2018-05-18,143.73836,7.7732224,0.23636712,11.946915927194587,1.0,-11.710548807194586
13448,2018-05-18,143.73836,7.7732224,0.23636712,11.946915927194587,1.0,-11.710548807194586
13455,2018-05-25,162.33228,10.607442,0.09906157,16.48615073417335,1.0,-16.38708916417335
13456,2018-05-26,162.05739,10.365816,0.23565853,16.20343594599323,1.0,-15.96777741599323
13910,2019-09-02,150.00584,14.293705,0.098140836,18.832433792537742,2.0,-18.734292956537743
13913,2019-09-05,75.58944,14.822126,1.059927,9.74976186848933,2.0,-8.68983486848933
13921,2019-09-13,128.31416,14.41207,0.04503321,16.207987089479435,1.0,-16.162953879479435
13922,2019-09-13,128.31416,14.41207,0.04503321,16.207987089479435,2.0,-16.162953879479435
13923,2019-09-14,77.62316,14.29477,2.0851645,9.745711991626758,2.0,-7.660547491626758
13924,2019-09-14,77.62316,14.29477,2.0851645,9.745711991626758,2.0,-7.660547491626758
13925,2019-09-14,77.62316,14.29477,2.0851645,9.745711991626758,2.0,-7.660547491626758
13926,2019-09-14,77.62316,14.29477,2.0851645,9.745711991626758,1.0,-7.660547491626758
13928,2019-09-16,89.93608,16.136143,2.3702683,12.369220768736598,2.0,-9.998952468736597
13929,2019-09-16,89.93608,16.136143,2.3702683,12.369220768736598,2.0,-9.998952468736597
13930,2019-09-16,89.93608,16.136143,2.3702683,12.369220768736598,2.0,-9.998952468736597
13931,2019-09-17,130.65752,13.550853,0.017378666,15.771788436130661,1.0,-15.75440977013066
13934,2019-09-20,54.946033,13.455664,2.5923536,6.598552337200104,1.0,-4.006198737200104
13935,2019-09-21,133.52583,11.3384,0.000120598,14.195721114471631,1.0,-14.19560051647163
13936,2019-09-22,122.255585,12.965856,0.016062172,14.292206112088497,3.0,-14.276143940088497
13937,2019-09-22,122.255585,12.965856,0.016062172,14.292206112088497,2.0,-14.276143940088497
13938,2019-09-23,128.28752,13.342622,0.035067793,15.311878492174909,1.0,-15.27681069917491
13939,2019-09-24,127.3989,12.943152,9.45e-05,14.874660511015094,1.0,-14.874566011015094
13940,2019-09-24,127.3989,12.943152,9.45e-05,14.874660511015094,3.0,-14.874566011015094
13941,2019-09-25,85.100174,13.596161,0.51614577,10.297608907027684,1.0,-9.781463137027684
13942,2019-09-25,85.100174,13.596161,0.51614577,10.297608907027684,2.0,-9.781463137027684
13943,2019-09-26,121.825874,12.912841,0.021396218,14.199944759552537,4.0,-14.178548541552537
13944,2019-09-26,121.825874,12.912841,0.021396218,14.199944759552537,3.0,-14.178548541552537
13945,2019-09-26,121.825874,12.912841,0.021396218,14.199944759552537,3.0,-14.178548541552537
13946,2019-09-26,121.825874,12.912841,0.021396218,14.199944759552537,4.0,-14.178548541552537
13947,2019-09-27,110.482544,12.773575,0.12729146,12.777653448560645,5.0,-12.650361988560645
13948,2019-09-28,105.675995,11.90799,0.13639987,11.62655301080199,4.0,-11.49015314080199
13949,2019-09-28,105.675995,11.90799,0.13639987,11.62655301080199,1.0,-11.49015314080199
13950,2019-09-28,105.675995,11.90799,0.13639987,11.62655301080199,4.0,-11.49015314080199
13951,2019-09-28,105.675995,11.90799,0.13639987,11.62655301080199,4.0,-11.49015314080199
13952,2019-09-29,103.02678,11.132833,0.042760197,10.815420589977485,3.0,-10.772660392977485
13953,2019-09-29,103.02678,11.132833,0.042760197,10.815420589977485,4.0,-10.772660392977485
13954,2019-09-29,103.02678,11.132833,0.042760197,10.815420589977485,4.0,-10.772660392977485
13955,2019-09-30,80.986664,11.25882,0.060369186,8.568112912392504,3.0,-8.507743726392503
13956,2019-09-30,80.986664,11.25882,0.060369186,8.568112912392504,4.0,-8.507743726392503
13958,2019-10-02,70.80434,11.669776,0.10475912,7.680195781024466,2.0,-7.575436661024466
13959,2019-10-03,55.01187,12.381882,0.39466345,6.222083764571446,3.0,-5.827420314571445
13960,2019-10-04,64.985176,12.798858,2.7793803,7.526431023744195,5.0,-4.747050723744195
13961,2019-10-04,64.985176,12.798858,2.7793803,7.526431023744195,2.0,-4.747050723744195
13962,2019-10-04,64.985176,12.798858,2.7793803,7.526431023744195,1.0,-4.747050723744195
13963,2019-10-05,29.55253,9.234475,12.058226,2.7372771308677124,3.0,9.320948869132287
13964,2019-10-06,48.360367,8.774855,1.2302582,4.3347022590563835,4.0,-3.1044440590563838
13965,2019-10-07,68.056625,7.7471385,1.0918206,5.645023586137184,3.0,-4.553202986137184
13968,2019-10-10,70.29423,7.586025,0.019528085,5.756929568816696,5.0,-5.737401483816696
13970,2019-10-12,77.86746,7.68682,0.007566463,6.428230406540865,2.0,-6.420663943540865
13971,2019-10-12,77.86746,7.68682,0.007566463,6.428230406540865,4.0,-6.420663943540865
13975,2019-10-16,18.158085,12.761968,9.983408,2.098668172249349,5.0,7.884739827750652
13976,2019-10-16,18.158085,12.761968,9.983408,2.098668172249349,4.0,7.884739827750652
13977,2019-10-16,18.158085,12.761968,9.983408,2.098668172249349,4.0,7.884739827750652
13978,2019-10-17,30.743675,14.834558,4.3280697,3.967902166323855,5.0,0.3601675336761452
13979,2019-10-18,36.86928,14.229597,3.0247393,4.613361504946383,4.0,-1.588622204946383
13980,2019-10-18,36.86928,14.229597,3.0247393,4.613361504946383,4.0,-1.588622204946383
13981,2019-10-18,36.86928,14.229597,3.0247393,4.613361504946383,5.0,-1.588622204946383
13982,2019-10-19,31.08208,13.774313,3.5369978,3.797141453741802,4.0,-0.2601436537418018
13984,2019-10-21,31.176268,12.863316,1.7817205,3.62383867116533,2.0,-1.84211817116533
13985,2019-10-21,31.176268,12.863316,1.7817205,3.62383867116533,3.0,-1.84211817116533
13986,2019-10-22,21.660519,12.896068,2.6701632,2.522371947809032,2.0,0.14779125219096834
13987,2019-10-23,36.967,12.756091,0.17590606,4.271144039543206,3.0,-4.095237979543206
13988,2019-10-23,36.967,12.756091,0.17590606,4.271144039543206,3.0,-4.095237979543206
13991,2019-10-26,39.85437,11.264437,0.13948487,4.217913131439941,4.0,-4.0784282614399405
13992,2019-10-26,39.85437,11.264437,0.13948487,4.217913131439941,4.0,-4.0784282614399405
13993,2019-10-27,50.465508,10.806093,0.05783461,5.190411977747553,2.0,-5.132577367747554
13995,2019-10-29,47.389027,8.835115,0.029177425,4.266219666079548,2.0,-4.237042241079548
13996,2019-10-30,38.268005,9.912,0.17490795,3.7132515002602817,2.0,-3.5383435502602816
13997,2019-10-30,38.268005,9.912,0.17490795,3.7132515002602817,2.0,-3.5383435502602816
13998,2019-11-01,19.665333,10.577571,9.622644,1.9933506054538197,2.0,7.629293394546179
13999,2019-11-01,19.665333,10.577571,9.622644,1.9933506054538197,2.0,7.629293394546179
14000,2019-11-01,19.665333,10.577571,9.622644,1.9933506054538197,2.0,7.629293394546179
14001,2019-11-01,19.665333,10.577571,9.622644,1.9933506054538197,2.0,7.629293394546179
14002,2019-11-02,52.512836,9.125893,0.19419192,4.826852566778682,2.0,-4.632660646778683
14003,2019-11-03,34.232693,10.672408,0.083763786,3.4910771189142635,4.0,-3.4073133329142635
14004,2019-11-03,34.232693,10.672408,0.083763786,3.4910771189142635,4.0,-3.4073133329142635
14005,2019-11-03,34.232693,10.672408,0.083763786,3.4910771189142635,4.0,-3.4073133329142635
14006,2019-11-03,34.232693,10.672408,0.083763786,3.4910771189142635,4.0,-3.4073133329142635
14007,2019-11-03,34.232693,10.672408,0.083763786,3.4910771189142635,4.0,-3.4073133329142635
14009,2019-11-05,38.020866,10.2959,0.07994866,3.784248856385996,3.0,-3.7043001963859963
14011,2019-11-07,42.584976,5.798351,0.33836615,2.992240487861635,3.0,-2.6538743378616347
14013,2019-11-09,43.39835,4.7894425,0.6821441,2.764482378447912,3.0,-2.082338278447912
14014,2019-11-10,6.06996,8.474145,8.656935,0.5321936568466945,2.0,8.124741343153307
14019,2019-11-15,23.611122,9.355966,12.072654,2.2056250953530196,4.0,9.86702890464698
14020,2019-11-15,23.611122,9.355966,12.072654,2.2056250953530196,3.0,9.86702890464698
14021,2019-11-16,31.281944,8.617363,6.724934,2.7718479099015614,3.0,3.953086090098439
14022,2019-11-16,31.281944,8.617363,6.724934,2.7718479099015614,4.0,3.953086090098439
14023,2019-11-17,27.923016,6.7493296,0.59634215,2.134804258264404,2.0,-1.538462108264404
14045,2019-12-09,2.003831,9.440679,42.86102,0.18829177668694036,4.0,42.672728223313065
14061,2019-12-25,10.431582,2.8769894,0.5213993,0.5346789487196174,4.0,-0.013279648719617398
14062,2019-12-25,10.431582,2.8769894,0.5213993,0.5346789487196174,4.0,-0.013279648719617398
14066,2019-12-29,11.435558,2.1607716,0.7337098,0.5328436944075534,4.0,0.20086610559244655
14067,2019-12-29,11.435558,2.1607716,0.7337098,0.5328436944075534,4.0,0.20086610559244655
14068,2019-12-29,11.435558,2.1607716,0.7337098,0.5328436944075534,4.0,0.20086610559244655
14069,2019-12-30,9.082322,2.8900611,0.12688117,0.4662940884296864,3.0,-0.3394129184296864
14070,2019-12-30,9.082322,2.8900611,0.12688117,0.4662940884296864,3.0,-0.3394129184296864
14071,2020-01-01,19.391773,1.2203127,0.015779149,0.784896485342381,3.0,-0.769117336342381
14073,2020-01-03,12.817762,1.593921,1.7166876,0.5499694822019912,2.0,1.1667181177980088
14079,2020-01-09,26.417822,-0.76243365,0.004005533,0.7284439975760653,3.0,-0.7244384645760653
14080,2020-01-10,23.795076,2.2579014,2.825158,1.1237787312175067,3.0,1.7013792687824933
14081,2020-01-11,4.4681854,6.1621523,20.043438,0.32453517659706155,5.0,19.718902823402935
14082,2020-01-12,11.524657,8.532046,8.592459,1.0147851942882742,4.0,7.577673805711726
14083,2020-01-12,11.524657,8.532046,8.592459,1.0147851942882742,4.0,7.577673805711726
14089,2020-01-18,10.738024,6.1810074,5.8789673,0.7812462636997501,3.0,5.09772103630025
14092,2020-01-21,10.945849,7.013977,8.375578,0.8556948082474819,3.0,7.519883191752519
14093,2020-01-21,10.945849,7.013977,8.375578,0.8556948082474819,3.0,7.519883191752519
14106,2020-02-04,22.241907,8.423822,2.680745,1.9428123406334852,5.0,0.7379326593665148
14115,2020-02-13,43.86706,5.3118362,0.27222723,2.9434535222252216,5.0,-2.6712262922252217
14116,2020-02-14,18.57517,8.796514,4.6213098,1.6675728328824833,5.0,2.9537369671175164
14117,2020-02-15,30.676693,8.4394655,3.4561443,2.682706645156114,5.0,0.7734376548438862
14132,2020-03-01,67.43819,1.5222093,1.2313588,2.8620899921471046,5.0,-1.6307311921471046
14133,2020-03-02,53.99438,1.5020165,0.47877255,2.2844374652997788,4.0,-1.8056649152997788
14139,2020-03-08,108.02865,-0.6598176,0.012430491,3.050911279449245,4.0,-3.038480788449245
14142,2020-03-11,31.180113,7.476058,29.909044,2.53126560537841,4.0,27.377778394621593
14144,2020-03-13,73.53606,8.391273,3.9303617,6.4077398152289184,4.0,-2.4773781152289183
14148,2020-03-17,98.76297,4.270967,0.37289318,5.9580181916449115,1.0,-5.585125011644911
14160,2020-03-29,32.83504,1.6570628,12.068723,1.422338126760229,2.0,10.646384873239771
14176,2020-04-15,104.19438,6.507642,2.63899,7.802131854840968,1.0,-5.163141854840967
14212,2020-05-21,69.389114,6.7699842,13.8098545,5.314346534565323,1.0,8.495507965434676
14227,2020-06-06,197.76569,10.585902,2.1515355,20.05697984970315,1.0,-17.90544434970315
14258,2020-07-07,125.68748,13.839407,14.499198,15.40784481080401,1.0,-0.9086468108040098
14262,2020-07-11,128.35632,14.617087,5.035889,16.384546437010933,1.0,-11.348657437010932
14264,2020-07-13,210.65192,15.562035,0.03710753,28.184748515468506,1.0,-28.147640985468506
14265,2020-07-13,210.65192,15.562035,0.03710753,28.184748515468506,1.0,-28.147640985468506
14266,2020-07-13,210.65192,15.562035,0.03710753,28.184748515468506,1.0,-28.147640985468506
14268,2020-07-15,198.23746,16.638783,0.41090643,27.91265863750117,1.0,-27.50175220750117
14269,2020-07-16,229.85097,18.103127,0.031791482,34.55411342388854,1.0,-34.522321941888535
14270,2020-07-16,229.85097,18.103127,0.031791482,34.55411342388854,1.0,-34.522321941888535
14273,2020-07-19,167.49895,13.015996,2.856747,19.63599956535789,1.0,-16.77925256535789
14274,2020-07-20,124.42801,14.61387,8.659129,15.880497218237245,2.0,-7.221368218237245
14275,2020-07-20,124.42801,14.61387,8.659129,15.880497218237245,1.0,-7.221368218237245
14276,2020-07-21,119.83716,15.925937,6.9209986,16.3177047138139,1.0,-9.396706113813899
14279,2020-07-24,128.4137,16.621988,0.48284817,18.067149143906825,1.0,-17.584300973906824
14280,2020-07-24,128.4137,16.621988,0.48284817,18.067149143906825,1.0,-17.584300973906824
14281,2020-07-24,128.4137,16.621988,0.48284817,18.067149143906825,1.0,-17.584300973906824
14283,2020-07-26,122.21937,15.041824,0.2544823,15.938958243954188,1.0,-15.684475943954189
14284,2020-07-26,122.21937,15.041824,0.2544823,15.938958243954188,1.0,-15.684475943954189
14285,2020-07-27,213.46057,13.569011,0.013610801,25.792241491386452,5.0,-25.778630690386453
14286,2020-07-28,203.42052,12.734719,0.01368016,23.47479022015799,3.0,-23.46111006015799
14287,2020-07-28,203.42052,12.734719,0.01368016,23.47479022015799,2.0,-23.46111006015799
14288,2020-07-28,203.42052,12.734719,0.01368016,23.47479022015799,3.0,-23.46111006015799
14289,2020-07-28,203.42052,12.734719,0.01368016,23.47479022015799,3.0,-23.46111006015799
14291,2020-07-30,128.82104,15.690699,4.1370096,17.343814182111924,4.0,-13.206804582111925
14292,2020-07-30,128.82104,15.690699,4.1370096,17.343814182111924,4.0,-13.206804582111925
14293,2020-08-01,193.50229,14.963389,0.111706,25.136396978532083,1.0,-25.02469097853208
14294,2020-08-01,193.50229,14.963389,0.111706,25.136396978532083,1.0,-25.02469097853208
14298,2020-08-05,171.42989,19.405558,0.23936185,27.224376127854114,4.0,-26.985014277854113
14299,2020-08-05,171.42989,19.405558,0.23936185,27.224376127854114,3.0,-26.985014277854113
14300,2020-08-05,171.42989,19.405558,0.23936185,27.224376127854114,4.0,-26.985014277854113
14301,2020-08-05,171.42989,19.405558,0.23936185,27.224376127854114,4.0,-26.985014277854113
14302,2020-08-05,171.42989,19.405558,0.23936185,27.224376127854114,4.0,-26.985014277854113
14303,2020-08-06,162.18063,18.30769,0.34443608,24.596927694200286,3.0,-24.252491614200284
14304,2020-08-06,162.18063,18.30769,0.34443608,24.596927694200286,3.0,-24.252491614200284
14305,2020-08-06,162.18063,18.30769,0.34443608,24.596927694200286,3.0,-24.252491614200284
14306,2020-08-06,162.18063,18.30769,0.34443608,24.596927694200286,3.0,-24.252491614200284
14307,2020-08-06,162.18063,18.30769,0.34443608,24.596927694200286,1.0,-24.252491614200284
14310,2020-08-09,195.52145,16.039354,0.15387152,26.76760151706988,4.0,-26.613729997069882
14311,2020-08-09,195.52145,16.039354,0.15387152,26.76760151706988,1.0,-26.613729997069882
14312,2020-08-10,164.90105,15.8610935,1.4080296,22.384280467843414,2.0,-20.976250867843415
14313,2020-08-10,164.90105,15.8610935,1.4080296,22.384280467843414,1.0,-20.976250867843415
14314,2020-08-11,200.80934,15.563148,0.5387112,26.86928798934357,1.0,-26.330576789343567
14315,2020-08-11,200.80934,15.563148,0.5387112,26.86928798934357,1.0,-26.330576789343567
14316,2020-08-11,200.80934,15.563148,0.5387112,26.86928798934357,1.0,-26.330576789343567
14317,2020-08-12,105.14314,14.57046,1.8556459,13.389508170512757,2.0,-11.533862270512756
14318,2020-08-13,167.07649,13.433353,0.18068379,20.04021289804119,1.0,-19.85952910804119
14319,2020-08-13,167.07649,13.433353,0.18068379,20.04021289804119,1.0,-19.85952910804119
14320,2020-08-13,167.07649,13.433353,0.18068379,20.04021289804119,1.0,-19.85952910804119
14321,2020-08-14,173.21344,15.226515,0.19193222,22.7973987660177,1.0,-22.605466546017702
14322,2020-08-15,88.38847,17.261013,2.9496136,12.803337322489003,1.0,-9.853723722489004
14323,2020-08-15,88.38847,17.261013,2.9496136,12.803337322489003,1.0,-9.853723722489004
14324,2020-08-15,88.38847,17.261013,2.9496136,12.803337322489003,1.0,-9.853723722489004
14325,2020-08-15,88.38847,17.261013,2.9496136,12.803337322489003,1.0,-9.853723722489004
14326,2020-08-16,144.86815,17.798746,0.35538074,21.491489818713564,1.0,-21.136109078713563
14327,2020-08-16,144.86815,17.798746,0.35538074,21.491489818713564,1.0,-21.136109078713563
14328,2020-08-16,144.86815,17.798746,0.35538074,21.491489818713564,1.0,-21.136109078713563
14329,2020-08-16,144.86815,17.798746,0.35538074,21.491489818713564,1.0,-21.136109078713563
14330,2020-08-17,177.78183,17.900753,0.11611294,26.492307240486667,1.0,-26.376194300486667
14331,2020-08-17,177.78183,17.900753,0.11611294,26.492307240486667,1.0,-26.376194300486667
14332,2020-08-18,183.71986,18.6276,0.1337909,28.246091645861533,1.0,-28.112300745861532
14333,2020-08-18,183.71986,18.6276,0.1337909,28.246091645861533,1.0,-28.112300745861532
14334,2020-08-19,182.19365,18.655502,0.19947109,28.044522722295024,1.0,-27.845051632295025
14335,2020-08-20,159.61981,18.465345,0.9602231,24.37229249404249,1.0,-23.41206939404249
14336,2020-08-20,159.61981,18.465345,0.9602231,24.37229249404249,1.0,-23.41206939404249
14337,2020-08-20,159.61981,18.465345,0.9602231,24.37229249404249,1.0,-23.41206939404249
14338,2020-08-20,159.61981,18.465345,0.9602231,24.37229249404249,1.0,-23.41206939404249
14340,2020-08-22,166.88496,16.882086,0.18127136,23.762305093874026,4.0,-23.581033733874026
14341,2020-08-22,166.88496,16.882086,0.18127136,23.762305093874026,4.0,-23.581033733874026
14342,2020-08-22,166.88496,16.882086,0.18127136,23.762305093874026,4.0,-23.581033733874026
14346,2020-08-26,117.923294,14.856438,4.5084963,15.236443102985245,4.0,-10.727946802985244
14347,2020-08-27,90.80357,14.206799,2.4800851,11.34855490286589,4.0,-8.86846980286589
14348,2020-08-27,90.80357,14.206799,2.4800851,11.34855490286589,4.0,-8.86846980286589
14349,2020-08-27,90.80357,14.206799,2.4800851,11.34855490286589,4.0,-8.86846980286589
14350,2020-08-27,90.80357,14.206799,2.4800851,11.34855490286589,4.0,-8.86846980286589
14351,2020-08-27,90.80357,14.206799,2.4800851,11.34855490286589,4.0,-8.86846980286589
14352,2020-08-27,90.80357,14.206799,2.4800851,11.34855490286589,4.0,-8.86846980286589
14353,2020-08-28,77.78789,14.273369,22.57953,9.755561606594288,4.0,12.82396839340571
14354,2020-08-28,77.78789,14.273369,22.57953,9.755561606594288,4.0,12.82396839340571
14355,2020-08-29,118.77353,11.279074,0.7502282,12.581488053821058,3.0,-11.831259853821058
14357,2020-09-01,118.946335,13.860399,0.07162164,14.597705216603757,1.0,-14.526083576603757
14358,2020-09-02,157.00351,13.154094,0.1192948,18.5466975460043,5.0,-18.4274027460043
14360,2020-09-04,126.855736,15.189151,4.164059,16.665210888340294,3.0,-12.501151888340294
14362,2020-09-06,107.42172,13.920633,13.456808,13.225448596751432,3.0,0.23135940324856819
14363,2020-09-06,107.42172,13.920633,13.456808,13.225448596751432,3.0,0.23135940324856819
14364,2020-09-06,107.42172,13.920633,13.456808,13.225448596751432,3.0,0.23135940324856819
14365,2020-09-06,107.42172,13.920633,13.456808,13.225448596751432,1.0,0.23135940324856819
14366,2020-09-07,51.169716,12.757809,20.435226,5.912688985634072,3.0,14.522537014365927
14367,2020-09-07,51.169716,12.757809,20.435226,5.912688985634072,5.0,14.522537014365927
14368,2020-09-08,115.36248,12.627947,1.1240671,13.232715273480999,4.0,-12.108648173480999
14369,2020-09-08,115.36248,12.627947,1.1240671,13.232715273480999,4.0,-12.108648173480999
14370,2020-09-08,115.36248,12.627947,1.1240671,13.232715273480999,4.0,-12.108648173480999
14371,2020-09-08,115.36248,12.627947,1.1240671,13.232715273480999,3.0,-12.108648173480999
14372,2020-09-08,115.36248,12.627947,1.1240671,13.232715273480999,4.0,-12.108648173480999
14374,2020-09-10,55.974228,10.944804,16.271105,5.807509724826341,3.0,10.463595275173658
14375,2020-09-10,55.974228,10.944804,16.271105,5.807509724826341,3.0,10.463595275173658
14376,2020-09-10,55.974228,10.944804,16.271105,5.807509724826341,4.0,10.463595275173658
14377,2020-09-10,55.974228,10.944804,16.271105,5.807509724826341,4.0,10.463595275173658
14378,2020-09-10,55.974228,10.944804,16.271105,5.807509724826341,3.0,10.463595275173658
14379,2020-09-10,55.974228,10.944804,16.271105,5.807509724826341,2.0,10.463595275173658
14380,2020-09-10,55.974228,10.944804,16.271105,5.807509724826341,4.0,10.463595275173658
14382,2020-09-12,73.19608,12.680742,3.2490487,8.421141370974492,2.0,-5.172092670974493
14383,2020-09-13,85.54904,14.785781,11.69672,11.014149988288914,4.0,0.6825700117110856
14384,2020-09-13,85.54904,14.785781,11.69672,11.014149988288914,4.0,0.6825700117110856
14385,2020-09-14,32.414295,10.23771,7.0901723,3.213948640450612,3.0,3.876223659549388
14386,2020-09-14,32.414295,10.23771,7.0901723,3.213948640450612,3.0,3.876223659549388
14387,2020-09-15,92.18688,9.984314,0.3354347,8.98852912936179,3.0,-8.65309442936179
14388,2020-09-16,89.390465,10.324024,0.8060512,8.913467146220459,3.0,-8.107415946220458
14389,2020-09-17,64.14371,13.669389,10.616315,7.792320886863549,2.0,2.823994113136451
14390,2020-09-18,101.55988,14.590655,1.7657306,12.946541976323529,4.0,-11.180811376323529
14391,2020-09-18,101.55988,14.590655,1.7657306,12.946541976323529,1.0,-11.180811376323529
14392,2020-09-19,63.14168,14.844188,21.848799,8.153275433080688,1.0,13.695523566919311
14394,2020-09-21,100.09504,10.824573,1.4793224,10.306879668258198,1.0,-8.827557268258197
14397,2020-09-24,89.070724,12.117921,19.773842,9.921301515127567,1.0,9.852540484872431
14398,2020-09-24,89.070724,12.117921,19.773842,9.921301515127567,1.0,9.852540484872431
14399,2020-09-25,78.83334,7.2719417,0.27828148,6.295146749715501,1.0,-6.016865269715501
14400,2020-09-26,77.28622,7.0522738,0.122569576,6.061131470634019,2.0,-5.938561894634019
14401,2020-09-26,77.28622,7.0522738,0.122569576,6.061131470634019,1.0,-5.938561894634019
14402,2020-09-26,77.28622,7.0522738,0.122569576,6.061131470634019,1.0,-5.938561894634019
14403,2020-09-26,77.28622,7.0522738,0.122569576,6.061131470634019,1.0,-5.938561894634019
14404,2020-09-27,70.52233,6.1229944,0.40989608,5.104239209168089,1.0,-4.694343129168089
14405,2020-09-27,70.52233,6.1229944,0.40989608,5.104239209168089,1.0,-4.694343129168089
14406,2020-09-28,102.8065,6.1845484,0.07315062,7.482068421945602,1.0,-7.408917801945602
14407,2020-09-29,56.781532,8.589193,19.002033,5.020921376780818,1.0,13.981111623219183
14408,2020-09-30,62.830814,10.97333,1.7109333,6.53056563112064,4.0,-4.819632331120641
14409,2020-09-30,62.830814,10.97333,1.7109333,6.53056563112064,5.0,-4.819632331120641
14410,2020-10-01,42.632004,11.081147,4.6375914,4.461032816427565,2.0,0.1765585835724348
14411,2020-10-01,42.632004,11.081147,4.6375914,4.461032816427565,3.0,0.1765585835724348
14413,2020-10-03,87.02494,12.556301,5.3814287,9.941671272429334,4.0,-4.560242572429334
14414,2020-10-03,87.02494,12.556301,5.3814287,9.941671272429334,3.0,-4.560242572429334
14415,2020-10-04,68.34536,12.827639,28.977886,7.928399306383653,5.0,21.04948669361635
14416,2020-10-05,84.89391,12.210637,17.414165,9.5072766041168,3.0,7.9068883958832
14417,2020-10-05,84.89391,12.210637,17.414165,9.5072766041168,4.0,7.9068883958832
14419,2020-10-07,90.98446,11.745636,0.5538749,9.914059401461216,3.0,-9.360184501461216
14420,2020-10-07,90.98446,11.745636,0.5538749,9.914059401461216,4.0,-9.360184501461216
14421,2020-10-07,90.98446,11.745636,0.5538749,9.914059401461216,3.0,-9.360184501461216
14422,2020-10-07,90.98446,11.745636,0.5538749,9.914059401461216,3.0,-9.360184501461216
14423,2020-10-07,90.98446,11.745636,0.5538749,9.914059401461216,3.0,-9.360184501461216
14424,2020-10-08,64.96326,8.847433,1.3280865,5.853555376832249,3.0,-4.5254688768322495
14425,2020-10-08,64.96326,8.847433,1.3280865,5.853555376832249,3.0,-4.5254688768322495
14426,2020-10-08,64.96326,8.847433,1.3280865,5.853555376832249,2.0,-4.5254688768322495
14427,2020-10-08,64.96326,8.847433,1.3280865,5.853555376832249,4.0,-4.5254688768322495
14428,2020-10-09,57.11251,8.1015005,0.04637594,4.868945720466262,4.0,-4.822569780466262
14429,2020-10-09,57.11251,8.1015005,0.04637594,4.868945720466262,2.0,-4.822569780466262
14431,2020-10-11,69.40655,13.126577,5.0509267,8.18651205673705,4.0,-3.1355853567370495
14432,2020-10-12,19.787727,10.054223,10.63727,1.9383709976647643,4.0,8.698899002335235
14436,2020-10-16,43.334316,11.143931,1.6201377,4.552226753228762,3.0,-2.9320890532287622
14440,2020-10-20,69.37719,9.871824,0.06753803,6.713725659126497,5.0,-6.646187629126497
14441,2020-10-20,69.37719,9.871824,0.06753803,6.713725659126497,2.0,-6.646187629126497
14442,2020-10-20,69.37719,9.871824,0.06753803,6.713725659126497,5.0,-6.646187629126497
14443,2020-10-20,69.37719,9.871824,0.06753803,6.713725659126497,5.0,-6.646187629126497
14444,2020-10-21,68.022156,9.792888,0.06626052,6.547658349990422,4.0,-6.481397829990422
14445,2020-10-22,64.16759,10.294099,0.04865855,6.385902355878514,4.0,-6.337243805878514
14451,2020-10-28,27.291683,6.901034,0.21010882,2.113477663327837,3.0,-1.903368843327837
14452,2020-10-29,28.939913,7.5520525,0.041055463,2.3637123068807426,5.0,-2.3226568438807424
14453,2020-10-30,13.069934,11.049873,11.254245,1.364984258318467,4.0,9.889260741681532
14454,2020-10-30,13.069934,11.049873,11.254245,1.364984258318467,3.0,9.889260741681532
14455,2020-10-30,13.069934,11.049873,11.254245,1.364984258318467,3.0,9.889260741681532
14456,2020-10-30,13.069934,11.049873,11.254245,1.364984258318467,4.0,9.889260741681532
14457,2020-11-01,15.477788,10.587555,11.179547,1.5698911486747789,5.0,9.60965585132522
14458,2020-11-01,15.477788,10.587555,11.179547,1.5698911486747789,5.0,9.60965585132522
14459,2020-11-01,15.477788,10.587555,11.179547,1.5698911486747789,5.0,9.60965585132522
14460,2020-11-01,15.477788,10.587555,11.179547,1.5698911486747789,5.0,9.60965585132522
14463,2020-11-04,27.914919,7.058314,0.13523343,2.1903101157376756,4.0,-2.0550766857376757
14492,2020-12-03,5.9942517,5.018667,3.221647,0.3907757137980473,4.0,2.8308712862019525
